เลขร้านค้า,ชื่อร้านค้า,รายการไอเทม,ราคา
803201,ข้าวขาหมู,ข้าวขาหมู,60.00
803201,ข้าวขาหมู,ข้าวหมูกรอบ,70.00
803201,ข้าวขาหมู,ข้าวขาหมูทุกอย่าง,85.00
803201,ข้าวขาหมู,ข้าวคากิ,70.00
803201,ข้าวขาหมู,ขาหมูเปล่า,150.00
803201,ข้าวขาหมู,ขาหมูรวมทุกอย่าง,200.00
803201,ข้าวขาหมู,คากิเปล่า,100.00
803201,ข้าวขาหมู,หมูกรอบเปล่า,150.00
803201,ข้าวขาหมู,เพิ่มพิเศษ,20.00
803201,ข้าวขาหมู,เพิ่มไส้,20.00
803201,ข้าวขาหมู,ข้าวเปล่า/เพิ่มพิเศษ,10.00
803201,ข้าวขาหมู,เพิ่มไข่,15.00
803201,ข้าวขาหมู,ใส่กล่องกลับบ้านเพิ่ม,7.00
803201,ข้าวขาหมู,หมูกรอบ,30.00
803201,ข้าวขาหมู,Delivery,10.00
803202,ครัวคุณแม่,ข้าวไข่เจียวใส่เครื่อง 2 อย่าง,39.00
803202,ครัวคุณแม่,ข้าวกระเพราหมูสับ,49.00
803202,ครัวคุณแม่,ข้าวกระเพราหมู / ไก่,55.00
803202,ครัวคุณแม่,ข้าวตามสั่งอื่นๆ,65.00
803202,ครัวคุณแม่,ข้าวพริกแกง,55.00
803202,ครัวคุณแม่,ข้าวพริกเผา,55.00
803202,ครัวคุณแม่,ข้าวตามสั่งอื่นๆ,59.00
803202,ครัวคุณแม่,กับข้าว,59.00
803202,ครัวคุณแม่,ข้าวไข่เจียว,55.00
803202,ครัวคุณแม่,ข้าวตามสั่งอื่นๆ,69.00
803202,ครัวคุณแม่,กับข้าวตามสั่ง,89.00
803202,ครัวคุณแม่,ต้มยำ,99.00
803202,ครัวคุณแม่,ต้มจืด,65.00
803202,ครัวคุณแม่,ยำ,79.00
803202,ครัวคุณแม่,ไข่ดาว ไข่เจียว,10.00
803202,ครัวคุณแม่,ข้าวเปล่า,15.00
803202,ครัวคุณแม่,ใส่กล่องกลับบ้านเพิ่ม,7.00
803202,ครัวคุณแม่,พิเศษเพิ่ม,20.00
803202,ครัวคุณแม่,Delivery,10.00
803204,ก๋วยเตี๋ยวเนื้อตุ๋น,ก๋วยเตี๋ยวลูกชิ้นเนื้อ+เนื้อสด,60.00
803204,ก๋วยเตี๋ยวเนื้อตุ๋น,ก๋วยเตี๋ยวเนื้อ,75.00
803204,ก๋วยเตี๋ยวเนื้อตุ๋น,ก๋วยเตี๋ยวเนื้อสด พิเศษ,90.00
803204,ก๋วยเตี๋ยวเนื้อตุ๋น,เกาเหลา,80.00
803204,ก๋วยเตี๋ยวเนื้อตุ๋น,เกาเหลาพิเศษ,95.00
803204,ก๋วยเตี๋ยวเนื้อตุ๋น,ข้าวเปล่า,10.00
803204,ก๋วยเตี๋ยวเนื้อตุ๋น,ลูกชิ้นเนื้อ,40.00
803204,ก๋วยเตี๋ยวเนื้อตุ๋น,เนื้อลวก,80.00
803204,ก๋วยเตี๋ยวเนื้อตุ๋น,เอ็นตุ๋น,30.00
803204,ก๋วยเตี๋ยวเนื้อตุ๋น,อาหารทานเล่น,20.00
803204,ก๋วยเตี๋ยวเนื้อตุ๋น,ข้าวกระเพราเนื้อ,75.00
803204,ก๋วยเตี๋ยวเนื้อตุ๋น,ข้าวหน้าเนื้อผัดน้ำมันหอย,75.00
803204,ก๋วยเตี๋ยวเนื้อตุ๋น,ไข่ดาว,10.00
803204,ก๋วยเตี๋ยวเนื้อตุ๋น,ใส่กล่องกลับบ้านเพิ่ม,7.00
803204,ก๋วยเตี๋ยวเนื้อตุ๋น,Delivery,10.00
803205,ChouNan,เมนูอาหารราคา,55.00
803205,ChouNan,เมนูอาหารราคา,60.00
803205,ChouNan,เมนูอาหารราคา,69.00
803205,ChouNan,เมนูอาหารราคา,70.00
803205,ChouNan,เมนูอาหารราคา,75.00
803205,ChouNan,เมนูอาหารราคา,79.00
803205,ChouNan,เมนูอาหารราคา,89.00
803205,ChouNan,เมนูอาหารราคา,95.00
803205,ChouNan,เมนูอาหารราคา,99.00
803205,ChouNan,เมนูอาหารราคา,129.00
803205,ChouNan,เมนูอาหารราคา,159.00
803205,ChouNan,พิเศษเพิ่ม,10.00
803205,ChouNan,พิเศษเพิ่ม 15,15.00
803205,ChouNan,พิเศษเพิ่ม,20.00
803205,ChouNan,พิเศษเพิ่ม,25.00
803205,ChouNan,พิเศษเพิ่ม,35.00
803205,ChouNan,พิเศษเพิ่ม,40.00
803205,ChouNan,บริการกลับบ้านเพิ่ม,8.00
803205,ChouNan,Delivery,10.00
803206,ราดหน้า,สุกี้,ราดหน้าเส้นหมี่ หมู,55.00
803206,ราดหน้า,สุกี้,ราดหน้าเส้นใหญ่ หมู,55.00
803206,ราดหน้า,สุกี้,บะหมี่กรอบราดหน้าหมู,60.00
803206,ราดหน้า,สุกี้,เส้นหมี่ราดหน้าทะเล,60.00
803206,ราดหน้า,สุกี้,ราดหน้าเส้นใหญ่ ทะเล,60.00
803206,ราดหน้า,สุกี้,บะหมี่กรอบราดหน้าทะเล,65.00
803206,ราดหน้า,สุกี้,ผัดซี้อิ้ว,60.00
803206,ราดหน้า,สุกี้,สุกี้น้ำหมู,55.00
803206,ราดหน้า,สุกี้,สุกี้น้ำทะเล,60.00
803206,ราดหน้า,สุกี้,สุกี้ไก่ แห้ง,60.00
803206,ราดหน้า,สุกี้,สุกี้หมูแห้ง,60.00
803206,ราดหน้า,สุกี้,สุกี้แห้งทะเล,50.00
803206,ราดหน้า,สุกี้,กระเพาะปลา,65.00
803206,ราดหน้า,สุกี้,พิเศษเพิ่ม,10.00
803206,ราดหน้า,สุกี้,ใส่กล่องกลับบ้านเพิ่ม,7.00
803206,ราดหน้า,สุกี้,ผัดซีอิ๋วทะเล,65.00
803206,ราดหน้า,สุกี้,ราดหน้าเส้นกรอบคะน้าหมูฮ่องกง,75.00
803206,ราดหน้า,สุกี้,สุกี้ไก่ น้ำ,45.00
803206,ราดหน้า,สุกี้,Delivery,10.00
803207,เจมส์กะเพราถาด,ข้าวกระเพรากุ้ง/หมึก,70.00
803207,เจมส์กะเพราถาด,ข้าวกระเพราทะเล,75.00
803207,เจมส์กะเพราถาด,ข้าวกระเพรารวมมิตร,75.00
803207,เจมส์กะเพราถาด,ข้าวราดกระเพรารวมมิตร,85.00
803207,เจมส์กะเพราถาด,ข้าวคะน้าหมู / ไก่,60.00
803207,เจมส์กะเพราถาด,ข้าวไก่กระเทียม,60.00
803207,เจมส์กะเพราถาด,ข้าวหมูกระเทียม,60.00
803207,เจมส์กะเพราถาด,ข้าวคะน้าหมูกรอบ,70.00
803207,เจมส์กะเพราถาด,คะน้าทะเลรวม,75.00
803207,เจมส์กะเพราถาด,ข้าวผัดพริกแกงหมู,60.00
803207,เจมส์กะเพราถาด,พริกแกงหมูกรอบ,70.00
803207,เจมส์กะเพราถาด,ผัดพริกแกงทะเล,70.00
803207,เจมส์กะเพราถาด,ข้าวเปล่า/ไข่ดาว,12.00
803207,เจมส์กะเพราถาด,ไข่เยี่ยวม้า,15.00
803207,เจมส์กะเพราถาด,ใส่กล่องกลับบ้านเพิ่ม,7.00
803207,เจมส์กะเพราถาด,Delivery,10.00
803207,เจมส์กะเพราถาด,ข้าวกระเพราหมู,60.00
803207,เจมส์กะเพราถาด,ข้าวกระเพราไก่,55.00
803207,เจมส์กะเพราถาด,เพิ่มพิเศษ,15.00
803207,เจมส์กะเพราถาด,ข้าวกระเพราไข่เยี่ยวม้า,65.00
803207,เจมส์กะเพราถาด,ข้าวกระเพราหมูกรอบ,70.00
803208,ก๋วยเตี๋ยวเรือ,ก๋วยเตี๋ยวเรือ,69.00
803208,ก๋วยเตี๋ยวเรือ,ก๋วยเตี๋ยวเรือ พิเศษ,79.00
803208,ก๋วยเตี๋ยวเรือ,ก๋วยเตี๋ยวน้ำตกหมู,87.00
803208,ก๋วยเตี๋ยวเรือ,ก๋วยเตี๋ยวน้ำตก,107.00
803208,ก๋วยเตี๋ยวเรือ,ก๋วยเตี๋ยวน้ำตก,127.00
803208,ก๋วยเตี๋ยวเรือ,ก๋วยเตี๋ยวแห้ง,99.00
803208,ก๋วยเตี๋ยวเรือ,เกาเหลา,79.00
803208,ก๋วยเตี๋ยวเรือ,เกาเหลาพิเศษ,89.00
803208,ก๋วยเตี๋ยวเรือ,เกาเหลาเนื้อ,109.00
803208,ก๋วยเตี๋ยวเรือ,เมนูชุด,129.00
803208,ก๋วยเตี๋ยวเรือ,เมนูชุด,149.00
803208,ก๋วยเตี๋ยวเรือ,เมนูชุด,159.00
803208,ก๋วยเตี๋ยวเรือ,เมนูชุด,179.00
803208,ก๋วยเตี๋ยวเรือ,ชุดน้ำพริก,250.00
803208,ก๋วยเตี๋ยวเรือ,เพิ่มพิเศษ,18.00
803208,ก๋วยเตี๋ยวเรือ,เพิ่มพิเศษ,28.00
803208,ก๋วยเตี๋ยวเรือ,เพิ่มพิเศษ,35.00
803208,ก๋วยเตี๋ยวเรือ,เพิ่มพิเศษ,40.00
803208,ก๋วยเตี๋ยวเรือ,เพิ่มพิเศษ,60.00
803208,ก๋วยเตี๋ยวเรือ,ชุดน้ำพริก,89.00
803208,ก๋วยเตี๋ยวเรือ,แคบหมู,25.00
803208,ก๋วยเตี๋ยวเรือ,ราเมง,89.00
803208,ก๋วยเตี๋ยวเรือ,ราเมงน้ำ,99.00
803208,ก๋วยเตี๋ยวเรือ,ใส่กล่องกลับบ้านเพิ่ม,8.00
803208,ก๋วยเตี๋ยวเรือ,เพิ่มพิเศษ,20.00
803209,ข้าวหมกไก่ย่างบังฟารุก,ข้าวหมกไก่,55.00
803209,ข้าวหมกไก่ย่างบังฟารุก,ข้าวหมกไก่,59.00
803209,ข้าวหมกไก่ย่างบังฟารุก,ข้าวไข่เจียว,40.00
803209,ข้าวหมกไก่ย่างบังฟารุก,ข้าวกระเพราไก่,49.00
803209,ข้าวหมกไก่ย่างบังฟารุก,ข้าวไก่กระเทียม,49.00
803209,ข้าวหมกไก่ย่างบังฟารุก,ข้าวไก่คั่วพริกเกลือ,55.00
803209,ข้าวหมกไก่ย่างบังฟารุก,ข้าวผัดไก่,55.00
803209,ข้าวหมกไก่ย่างบังฟารุก,ข้าวผัดผงกะหรี่,55.00
803209,ข้าวหมกไก่ย่างบังฟารุก,ผัดซี้อิ้ว,55.00
803209,ข้าวหมกไก่ย่างบังฟารุก,ราดหน้า,55.00
803209,ข้าวหมกไก่ย่างบังฟารุก,สปาเก็ตตี้,55.00
803209,ข้าวหมกไก่ย่างบังฟารุก,ก๋วยเตี๋ยวคั่วไก่,55.00
803209,ข้าวหมกไก่ย่างบังฟารุก,สุกี้ไก่,55.00
803209,ข้าวหมกไก่ย่างบังฟารุก,ผัดไทไก่,69.00
803209,ข้าวหมกไก่ย่างบังฟารุก,ข้าวซอยไก่,59.00
803209,ข้าวหมกไก่ย่างบังฟารุก,ข้าวซอยเนื้อ,79.00
803209,ข้าวหมกไก่ย่างบังฟารุก,ไข่ดาว,15.00
803209,ข้าวหมกไก่ย่างบังฟารุก,ไข่เจียว,20.00
803209,ข้าวหมกไก่ย่างบังฟารุก,ข้าวหมกเปล่า,35.00
803209,ข้าวหมกไก่ย่างบังฟารุก,ข้าวเปล่า(ข้าวหอมมะลิ),15.00
803209,ข้าวหมกไก่ย่างบังฟารุก,เมนูอาหารชุด,89.00
803209,ข้าวหมกไก่ย่างบังฟารุก,เมนูอาหารชุด,129.00
803209,ข้าวหมกไก่ย่างบังฟารุก,Delivery,10.00
803210,ข้าวทิพย์อาหารชุด,ข้าวไข่เจียว + แกงเขียวหวาน,70.00
803210,ข้าวทิพย์อาหารชุด,ข้าวไข่เจียว + แกงเลียง,70.00
803210,ข้าวทิพย์อาหารชุด,ข้าวไข่เจียว + แกงส้ม,70.00
803210,ข้าวทิพย์อาหารชุด,ข้าวไข่เจียว + แกงเห็ด,70.00
803210,ข้าวทิพย์อาหารชุด,ข้าวไข่เจียว + แกงป่า,70.00
803210,ข้าวทิพย์อาหารชุด,ข้าวไข่เจียว + ต้มข่าไก่,70.00
803210,ข้าวทิพย์อาหารชุด,ข้าวไข่เจียว + ต้มแซ่บ,70.00
803210,ข้าวทิพย์อาหารชุด,ข้าวไข่เจียว + ต้มยำ,70.00
803210,ข้าวทิพย์อาหารชุด,เซ็ทข้าวไข่เจียว+ต้มจืดเต้าหู้หมูสับ,70.00
803210,ข้าวทิพย์อาหารชุด,ข้าวไข่เจียวหมูสับ,50.00
803210,ข้าวทิพย์อาหารชุด,ใส่กล่องกลับบ้านเพิ่ม,7.00
803210,ข้าวทิพย์อาหารชุด,Delivery,10.00
803211,ก๋วยเตี๋ยวเป็ด,ก๋วยเตี๋ยวเป็ดตุ๋น,65.00
803211,ก๋วยเตี๋ยวเป็ด,เกาเหลาเป็ด,75.00
803211,ก๋วยเตี๋ยวเป็ด,ข้าวหน้าเป็ด,65.00
803211,ก๋วยเตี๋ยวเป็ด,ข้าวกระเพราเป็ด,75.00
803211,ก๋วยเตี๋ยวเป็ด,มาม่าผัด,75.00
803211,ก๋วยเตี๋ยวเป็ด,เป็ดพะโล้,90.00
803211,ก๋วยเตี๋ยวเป็ด,ข้าวเปล่า,10.00
803211,ก๋วยเตี๋ยวเป็ด,พิเศษเพิ่ม,10.00
803211,ก๋วยเตี๋ยวเป็ด,ใส่กล่องกลับบ้านเพิ่ม,7.00
803211,ก๋วยเตี๋ยวเป็ด,บะหมี่เป็ด,70.00
803211,ก๋วยเตี๋ยวเป็ด,กระเพราไข่เยี่ยวม้า/กระเพราเป็ด,100.00
803211,ก๋วยเตี๋ยวเป็ด,เครื่องใน,100.00
803211,ก๋วยเตี๋ยวเป็ด,ไข่ต้ม / ไข่ดาว,10.00
803211,ก๋วยเตี๋ยวเป็ด,Delivery,10.00
803212,ข้าวผัดกระทะเหล็ก,กับข้าวตามสั่ง,50.00
803212,ข้าวผัดกระทะเหล็ก,กับข้าวตามสั่ง,55.00
803212,ข้าวผัดกระทะเหล็ก,กับข้าวตามสั่ง,60.00
803212,ข้าวผัดกระทะเหล็ก,ต้มยำกุ้ง,65.00
803212,ข้าวผัดกระทะเหล็ก,ใส่กล่องกลับบ้านเพิ่ม,7.00
803212,ข้าวผัดกระทะเหล็ก,Promotion A,20.00
803212,ข้าวผัดกระทะเหล็ก,ข้าวผัดปลากระป๋อง,45.00
803212,ข้าวผัดกระทะเหล็ก,ข้าวคั่วพริกเกลือหมูกรอบ / กุ้ง,65.00
803212,ข้าวผัดกระทะเหล็ก,ข้าวตามสั่งอื่นๆ,55.00
803212,ข้าวผัดกระทะเหล็ก,เกี๊ยวซ่า,55.00
803212,ข้าวผัดกระทะเหล็ก,ข้าวไข่เจียว + แกงชุด,89.00
803212,ข้าวผัดกระทะเหล็ก,เมนูอาหารชุด,129.00
803212,ข้าวผัดกระทะเหล็ก,ข้าวเปล่า/ ไข่เจียว/ ไข่ดาว,10.00
803212,ข้าวผัดกระทะเหล็ก,ข้าวผัด,40.00
803212,ข้าวผัดกระทะเหล็ก,ข้าวตามสั่งอื่นๆ,70.00
803212,ข้าวผัดกระทะเหล็ก,ข้าวตามสั่งอื่นๆ,65.00
803212,ข้าวผัดกระทะเหล็ก,เมนูโปรโมชั่น,89.00
803212,ข้าวผัดกระทะเหล็ก,เมนูโปรโมชั่น,99.00
803212,ข้าวผัดกระทะเหล็ก,เมนูโปรโมชั่น,129.00
803216,ขนมหวาน น้ำแข็งใส,น้ำเต้าหู้นมสด,30.00
803216,ขนมหวาน น้ำแข็งใส,เฉาก๊วยน้ำลำไย,35.00
803216,ขนมหวาน น้ำแข็งใส,ลอดช่อง,35.00
803216,ขนมหวาน น้ำแข็งใส,น้ำแข็งใส,35.00
803216,ขนมหวาน น้ำแข็งใส,น้ำแข็งใสพิเศษ,50.00
803216,ขนมหวาน น้ำแข็งใส,ซาลาเปา,60.00
803216,ขนมหวาน น้ำแข็งใส,รังนกในน้ำลำไย,99.00
803216,ขนมหวาน น้ำแข็งใส,เพิ่มเครื่อง,15.00
803216,ขนมหวาน น้ำแข็งใส,เพิ่มพิเศษ,10.00
803216,ขนมหวาน น้ำแข็งใส,ใส่กล่องกลับบ้านเพิ่ม,7.00
803216,ขนมหวาน น้ำแข็งใส,ขนมหวาน,40.00
803216,ขนมหวาน น้ำแข็งใส,ขนมหวาน,45.00
803216,ขนมหวาน น้ำแข็งใส,ขนมหวาน,50.00
803216,ขนมหวาน น้ำแข็งใส,ขนมหวานอื่นๆ,52.00
803216,ขนมหวาน น้ำแข็งใส,ขนมหวาน,59.00
803216,ขนมหวาน น้ำแข็งใส,ขนมหวาน,60.00
803216,ขนมหวาน น้ำแข็งใส,ขนมหวาน,69.00
803216,ขนมหวาน น้ำแข็งใส,ขนมหวาน,55.00
803216,ขนมหวาน น้ำแข็งใส,Delivery,10.00
803217,สกายลักค์,มันฝรั่งทอด/ไก่คาราเกะ,55.00
803217,สกายลักค์,เกี๊ยวซ่า/เกี๊ยวฮังคู,59.00
803217,สกายลักค์,ยากิโซบะ,65.00
803217,สกายลักค์,ข้าวหน้าหมูซีอิ๊ว/ข้าวหน้าหมูกิมจิ,69.00
803217,สกายลักค์,ข้าวหน้าปลาอะเมซิ่ง,75.00
803217,สกายลักค์,ข้าวหน้าหมูตุ๋น,75.00
803217,สกายลักค์,ข้าวหน้าหมูซามูไร / ซาบะ,80.00
803217,สกายลักค์,สเต็กปลาซาบะ/ฟิชแอนด์ชิพ,80.00
803217,สกายลักค์,สเต็กหมูเคเคน/สเต็กหมูกระเทียม,80.00
803217,สกายลักค์,ข้าวแกงกะหรี่ปลาทอด,90.00
803217,สกายลักค์,ข้าวแกงกะหรี่หมู,100.00
803217,สกายลักค์,ไข่ดาว,12.00
803217,สกายลักค์,เพิ่มซอส,15.00
803217,สกายลักค์,ใส่กล่องกลับบ้านเพิ่ม,7.00
803217,สกายลักค์,เมนูพิเศษ,69.00
803217,สกายลักค์,เมนูพิเศษ,89.00
803217,สกายลักค์,เมนูพิเศษ,4.00
803217,สกายลักค์,เมนูพิเศษ,10.00
803217,สกายลักค์,Delivery,10.00
803218,ลูกชิ้นทิพย์,ลูกชิิ้นหมู ไม้เล็ก 10 ไม้,100.00
803218,ลูกชิ้นทิพย์,ลูกชิ้นหมู ไม้ใหญ่ 5 ไม้,100.00
803218,ลูกชิ้นทิพย์,ลูกชิ้นเอ็นหมู ไม้เล็ก 10 ไม้,100.00
803218,ลูกชิ้นทิพย์,ลูกชิ้นเอ็นหมู ไม้ใหญ่ 5 ไม้,100.00
803218,ลูกชิ้นทิพย์,ไส้กรอกหมูรมควันหนังกรอบ 10 ไม้,100.00
803218,ลูกชิ้นทิพย์,ลูกชิ้นหมูไม้เล็ก,6.00
803218,ลูกชิ้นทิพย์,ไส้กรอกหมูรมควันหนังกรอบ,6.00
803218,ลูกชิ้นทิพย์,ลูกชิ้นหมูไม้ใหญ่,12.00
803218,ลูกชิ้นทิพย์,ลูกชิ้นเอ็นหมูไม้ใหญ่,12.00
803218,ลูกชิ้นทิพย์,น้ำจิ้มสามรส,28.00
803219,The Glass Room,น้ำดื่ม,10.00
803219,The Glass Room,น้ำอัดลม,25.00
803219,The Glass Room,น้ำอัดลม,30.00
803219,The Glass Room,น้ำอัดลม,50.00
803219,The Glass Room,น้ำสมุนไพร,25.00
803219,The Glass Room,น้ำสมุนไพร,30.00
803219,The Glass Room,น้ำสมุนไพร(2),35.00
803219,The Glass Room,น้ำสมุนไพร(1),40.00
803219,The Glass Room,น้ำผลไม้สด,40.00
803219,The Glass Room,น้ำผลไม้สด(2),50.00
803219,The Glass Room,น้ำผลไม้สด(1),60.00
803219,The Glass Room,ชาเย็น,45.00
803219,The Glass Room,กาแฟ,30.00
803219,The Glass Room,เมนูกาแฟ,45.00
803219,The Glass Room,น้ำผลไม้ปั่น,50.00
803219,The Glass Room,น้ำผลไม้ปั่น,55.00
803219,The Glass Room,น้ำผลไม้ปั่น(1),60.00
803219,The Glass Room,น้ำผลไม้ปั่น(2),65.00
803219,The Glass Room,เมนูโซดา,40.00
803219,The Glass Room,น้ำแข็งเปล่า,5.00
803219,The Glass Room,แก้วเปล่า,3.00
803219,The Glass Room,เบียร์สิงห์สด,145.00
803219,The Glass Room,เบียร์อาซาฮี,160.00
803219,The Glass Room,ใส่กล่องกลับบ้านเพิ่ม,7.00
803219,The Glass Room,Delivery,10.00
803220,อาหารนานาชาติ,Dragon Boat,99.00
803220,อาหารนานาชาติ,Dragon Boat (1),89.00
803220,อาหารนานาชาติ,Dragon Boat (2),104.00
803220,อาหารนานาชาติ,Dragon Boat (3),65.00
803220,อาหารนานาชาติ,Dragon Boat (4),79.00
803220,อาหารนานาชาติ,Dragon Boat (5),120.00
803220,อาหารนานาชาติ,เพิ่ม Topping,5.00
803220,อาหารนานาชาติ,Delivery,10.00
803221,เครื่องดื่มทุกชนิด,น้ำปั่น,65.00
803221,เครื่องดื่มทุกชนิด,เมนูโซดา,55.00
803221,เครื่องดื่มทุกชนิด,น้ำอัดลม 22 ออนซ์,30.00
803221,เครื่องดื่มทุกชนิด,น้ำผลไม้,25.00
803221,เครื่องดื่มทุกชนิด,ชานม,45.00
803221,เครื่องดื่มทุกชนิด,ชาผลไม้,50.00
803221,เครื่องดื่มทุกชนิด,น้ำแข็งเปล่า,3.00
803221,เครื่องดื่มทุกชนิด,น้ำเปล่า,10.00
803221,เครื่องดื่มทุกชนิด,Promotion A,100.00
803221,เครื่องดื่มทุกชนิด,กาแฟเย็น,35.00
803221,เครื่องดื่มทุกชนิด,กาแฟร้อน,30.00
803221,เครื่องดื่มทุกชนิด,เบียร์,65.00
803221,เครื่องดื่มทุกชนิด,เพิ่มพิเศษ,5.00
803221,เครื่องดื่มทุกชนิด,เพิ่มพิเศษ,10.00
803221,เครื่องดื่มทุกชนิด,น้ำอัดลม,35.00
803221,เครื่องดื่มทุกชนิด,อาหารว่าง,25.00
803221,เครื่องดื่มทุกชนิด,อาหารว่าง,40.00
803221,เครื่องดื่มทุกชนิด,น้ำอัดลม 16 ออนซ์,25.00
803221,เครื่องดื่มทุกชนิด,Delivery,10.00
803222,ก๋วยเตี๋ยวลูกชิ้นปลา,ก๋วยเตี๋ยวลูกชิ้น,60.00
803222,ก๋วยเตี๋ยวลูกชิ้นปลา,ก๋วยเตี๋ยวเย็นตาโฟ,65.00
803222,ก๋วยเตี๋ยวลูกชิ้นปลา,ก๋วยเตี๋ยวแห้งต้มยำ,65.00
803222,ก๋วยเตี๋ยวลูกชิ้นปลา,ก๋วยเตี๋ยวเส้นปลา,70.00
803222,ก๋วยเตี๋ยวลูกชิ้นปลา,เส้นปลาน้ำ/แห้ง/ต้มยำ,70.00
803222,ก๋วยเตี๋ยวลูกชิ้นปลา,วุ้นเส้นต้มยำ,65.00
803222,ก๋วยเตี๋ยวลูกชิ้นปลา,ก๋วยจั๊บ,65.00
803222,ก๋วยเตี๋ยวลูกชิ้นปลา,เกาเหลาเลือดหมู,75.00
803222,ก๋วยเตี๋ยวลูกชิ้นปลา,เกาเหลา + ข้าวเปล่า,75.00
803222,ก๋วยเตี๋ยวลูกชิ้นปลา,เกี๊ยวทอด,55.00
803222,ก๋วยเตี๋ยวลูกชิ้นปลา,เพิ่มพิเศษ,15.00
803222,ก๋วยเตี๋ยวลูกชิ้นปลา,Delivery,10.00
803223,จีฟาไฉข้าวมันไก่สิงคโปร์,ข้าวมันไก่,55.00
803223,จีฟาไฉข้าวมันไก่สิงคโปร์,ข้าวมันไก่ทอด,60.00
803223,จีฟาไฉข้าวมันไก่สิงคโปร์,ข้าวมันไก่ทูอินวันธรรมดา,75.00
803223,จีฟาไฉข้าวมันไก่สิงคโปร์,ข้าวยำไก่ทอด,70.00
803223,จีฟาไฉข้าวมันไก่สิงคโปร์,ไก่ต้มสับ,115.00
803223,จีฟาไฉข้าวมันไก่สิงคโปร์,ไก่ทอดสับ,125.00
803223,จีฟาไฉข้าวมันไก่สิงคโปร์,ไก่สับ 2 อย่าง,135.00
803223,จีฟาไฉข้าวมันไก่สิงคโปร์,ไก่ต้ม,45.00
803223,จีฟาไฉข้าวมันไก่สิงคโปร์,ไก่ทอดชิ้น,45.00
803223,จีฟาไฉข้าวมันไก่สิงคโปร์,ข้าวมันเปล่า,15.00
803223,จีฟาไฉข้าวมันไก่สิงคโปร์,เพิ่มพิเศษ,10.00
803223,จีฟาไฉข้าวมันไก่สิงคโปร์,ใส่กล่องกลับบ้านเพิ่ม,7.00
803223,จีฟาไฉข้าวมันไก่สิงคโปร์,Delivery,10.00
803224,Habu Cha,ชานมไต้หวัน,19.00
803224,Habu Cha,ชาผลไม้,19.00
803224,Habu Cha,ชานม,24.00
803224,Habu Cha,เมนูโซดา,20.00
803224,Habu Cha,น้ำสมุนไพร,22.00
803224,Habu Cha,เครื่องดื่ม,49.00
803224,Habu Cha,อเมริกาโน่,35.00
803224,Habu Cha,เอสเปสโซ่ เย็น,40.00
803224,Habu Cha,คาปูชิโน่เย็น,45.00
803224,Habu Cha,มอคค่าเย็น,45.00
803224,Habu Cha,ลาเต้เย็น,45.00
803224,Habu Cha,สเลอร์ปี้ชาไทย,40.00
803224,Habu Cha,น้ำพันซ์,30.00
803224,Habu Cha,น้ำดื่ม,12.00
803224,Habu Cha,น้ำแข็งเปล่า,3.00
803224,Habu Cha,วาฟเฟิล,40.00
803224,Habu Cha,ไอศครีม,20.00
803224,Habu Cha,เพิ่ม Topping,5.00
803224,Habu Cha,เพิ่ม Topping 10,10.00
803224,Habu Cha,Topping A,15.00
803224,Habu Cha,Delivery,10.00
803225,ส้มตำ อาหารอีสาน,ส้มตำไทย ปู ปลาร้า,59.00
803225,ส้มตำ อาหารอีสาน,ตำซั่ว /ตำหอยดอง,59.00
803225,ส้มตำ อาหารอีสาน,ตำแตง,59.00
803225,ส้มตำ อาหารอีสาน,ตำไทย/ตำข้าวโพด,69.00
803225,ส้มตำ อาหารอีสาน,ตำกุ้งสด,89.00
803225,ส้มตำ อาหารอีสาน,ตำปูม้า,120.00
803225,ส้มตำ อาหารอีสาน,ส้มตำป่า,69.00
803225,ส้มตำ อาหารอีสาน,น้ำตกหมู ลาบหมู,79.00
803225,ส้มตำ อาหารอีสาน,ลาบเนื้อ,100.00
803225,ส้มตำ อาหารอีสาน,คอหมูย่าง,79.00
803225,ส้มตำ อาหารอีสาน,ซุปหน่อไม้,59.00
803225,ส้มตำ อาหารอีสาน,ยำต่างๆ,59.00
803225,ส้มตำ อาหารอีสาน,ยำหมูยอ,79.00
803225,ส้มตำ อาหารอีสาน,ยำรวมมิตรทะเล,120.00
803225,ส้มตำ อาหารอีสาน,ยำสามกรอบ,79.00
803225,ส้มตำ อาหารอีสาน,ลูกชิ้นไม้ละ,12.00
803225,ส้มตำ อาหารอีสาน,ขนมจีน/ข้าวเหนียว,12.00
803225,ส้มตำ อาหารอีสาน,ไก่ย่าง,12.00
803225,ส้มตำ อาหารอีสาน,Delivery,10.00
803226,โทริมารุ คาราอาเกะ,ไก่คาราเกะ,45.00
803226,โทริมารุ คาราอาเกะ,ไก่คาราเกะ M,65.00
803226,โทริมารุ คาราอาเกะ,ไก่คาราเกะ L,85.00
803226,โทริมารุ คาราอาเกะ,ข้าวไก่คาราเกะ,55.00
803226,โทริมารุ คาราอาเกะ,ข้าวไก่คาราเกะ,60.00
803226,โทริมารุ คาราอาเกะ,มาม่าไก่แซ่บ,55.00
803226,โทริมารุ คาราอาเกะ,ไก่คาราเกะ ยำแซ่บ,50.00
803226,โทริมารุ คาราอาเกะ,ชุดไก่คาราเกะราดซอส,60.00
803226,โทริมารุ คาราอาเกะ,ใส่กล่องกลับบ้านเพิ่ม,7.00
803226,โทริมารุ คาราอาเกะ,Delivery,10.00
803227,เครื่องดื่มทุกชนิด,น้ำดื่ม อควาฟิน่า,10.00
803227,เครื่องดื่มทุกชนิด,เป๊ปซี่ (16 Oz.),25.00
803227,เครื่องดื่มทุกชนิด,เป๊ปซี่ (22 Oz.),30.00
803227,เครื่องดื่มทุกชนิด,เป๊ปซี่ ไม่มีน้ำตาล (16 Oz.),25.00
803227,เครื่องดื่มทุกชนิด,เป๊ปซี่ ไม่มีน้ำตาล (22 Oz.),30.00
803227,เครื่องดื่มทุกชนิด,มิรินด้า รสส้ม (16 Oz.),25.00
803227,เครื่องดื่มทุกชนิด,มิรินด้า รสส้ม (22 Oz.),30.00
803227,เครื่องดื่มทุกชนิด,มิรินด้า รสสตรอว์เบอร์รี่ (16 Oz.),25.00
803227,เครื่องดื่มทุกชนิด,มิรินด้า รสสตรอว์เบอร์รี่ (22 Oz.),30.00
803227,เครื่องดื่มทุกชนิด,เซเว่นอัพ (16 Oz.),25.00
803227,เครื่องดื่มทุกชนิด,เซเว่นอัพ (22 Oz.),30.00
803227,เครื่องดื่มทุกชนิด,ลิปตันชามะนาว (16 Oz.),25.00
803227,เครื่องดื่มทุกชนิด,ลิปตันชามะนาว (22 Oz.),30.00
803227,เครื่องดื่มทุกชนิด,น้ำฝรั่ง (16 Oz.),25.00
803227,เครื่องดื่มทุกชนิด,น้ำฝรั่ง (22 Oz.),30.00
803227,เครื่องดื่มทุกชนิด,น้ำอัญชันมะนาว (16 Oz.),25.00
803227,เครื่องดื่มทุกชนิด,น้ำอัญชันมะนาว (22 Oz.),30.00
803227,เครื่องดื่มทุกชนิด,น้ำเก๊กฮวย (16 Oz.),25.00
803227,เครื่องดื่มทุกชนิด,น้ำเก๊กฮวย (22 Oz.),30.00
803227,เครื่องดื่มทุกชนิด,น้ำชาเขียว (16 Oz.),25.00
803227,เครื่องดื่มทุกชนิด,น้ำชาเขียว (22 Oz.),30.00
803227,เครื่องดื่มทุกชนิด,ชานมเย็น (16 Oz.),40.00
803227,เครื่องดื่มทุกชนิด,ชานมเย็น (22 Oz.),45.00
803227,เครื่องดื่มทุกชนิด,นมชมพู (16 Oz.),40.00
803227,เครื่องดื่มทุกชนิด,นมชมพู (22 Oz.),45.00
803227,เครื่องดื่มทุกชนิด,Pepsi can 245ml,25.00
803227,เครื่องดื่มทุกชนิด,Pepsi Max can 245ml,25.00
803227,เครื่องดื่มทุกชนิด,7 Up Zero sugar,25.00
803227,เครื่องดื่มทุกชนิด,ที พลัส ชาอู่หลง สูตรกลมกล่อม 500ml,30.00
803227,เครื่องดื่มทุกชนิด,ที พลัส ชาอู่หลง ฮันนี่เลม่อน 500ml,30.00
803227,เครื่องดื่มทุกชนิด,ที พลัส ชาเขียวอู่หลง สูตรไม่ม่น้ำตาล 500ml,30.00
803227,เครื่องดื่มทุกชนิด,สปอนเซอร์,20.00
803227,เครื่องดื่มทุกชนิด,โซดาสิงห์,20.00
803227,เครื่องดื่มทุกชนิด,ไฮเนเก้น 0% Alcohol,60.00
803227,เครื่องดื่มทุกชนิด,Bundaberg Root Beer 375ml,85.00
803227,เครื่องดื่มทุกชนิด,Bundaberg Ginger Beer 375ml,85.00
803227,เครื่องดื่มทุกชนิด,ORANGINA,90.00
803227,เครื่องดื่มทุกชนิด,เบียร์ช้าง 320ml,60.00
803227,เครื่องดื่มทุกชนิด,เบียร์สิงห์ 320ml,70.00
803227,เครื่องดื่มทุกชนิด,เบียร์ไฮเนเก้น,85.00
803227,เครื่องดื่มทุกชนิด,น้ำมะพร้าว,50.00
803227,เครื่องดื่มทุกชนิด,น้ำส้ม,55.00
803227,เครื่องดื่มทุกชนิด,Singha Lemon Soda,25.00
803227,เครื่องดื่มทุกชนิด,Singha Red Lemon Soda,25.00
803227,เครื่องดื่มทุกชนิด,Singha Plum Lemon Soda,25.00
803227,เครื่องดื่มทุกชนิด,ใส่กล่องกลับบ้านเพิ่ม,7.00
803227,เครื่องดื่มทุกชนิด,Delivery,10.00